"CDuid","CDdguid","CDname","CDtype","CDpop_2021","CDtdwell_2021","CDurdwell_2021","CDpop_2016","CDpop_2016a","CDtdwell_2016a","CDurdwell_2016a","CDarea","CDadj_2016","CDir_2016","CDir_2021","PRuid","CDcode","ERcode"
"1001","2021A00031001","Division No.  1","CDR",271878,135137,117178,270348,270348,131336,112620,"9104.5799","0","0","0","10","01","10"
"1002","2021A00031002","Division No.  2","CDR",19392,11551,8891,20372,20372,11497,8737,"5915.5695","0","0","0","10","02","20"
"1003","2021A00031003","Division No.  3","CDR",13920,8046,6342,15560,15560,8289,6773,"19272.1069","0","0","0","10","03","20"
"1004","2021A00031004","Division No.  4","CDR",19253,10900,9196,20387,20387,11338,9345,"7019.9723","0","0","0","10","04","30"
"1005","2021A00031005","Division No.  5","CDR",40396,20875,17967,42014,42014,20924,17890,"10293.7618","0","0","0","10","05","30"
"1006","2021A00031006","Division No.  6","CDR",37339,19498,16489,38345,38345,19296,16434,"16043.3766","0","0","0","10","06","40"
"1007","2021A00031007","Division No.  7","CDR",33044,20304,14867,34092,34092,20097,14571,"9598.3701","0","0","0","10","07","40"
"1008","2021A00031008","Division No.  8","CDR",33940,21721,15385,35794,35794,21913,15587,"9234.9414","0","0","0","10","08","40"
"1009","2021A00031009","Division No.  9","CDR",14733,9366,6640,15607,15607,9346,6689,"13209.4758","0","0","0","10","09","30"
"1010","2021A00031010","Division No. 10","CDR",24332,10941,9518,24639,24639,10758,9193,"191691.0863","0","0","0","10","10","30"
"1011","2021A00031011","Division No. 11","CDR",2323,845,780,2558,2558,945,834,"66787.1326","0","0","0","10","11","30"
"1101","2021A00031101","Kings","CTY",18327,9948,7678,17160,17154,10032,7223,"1687.583","1","0","0","11","01","10"
"1102","2021A00031102","Queens","CTY",89770,42210,37232,82017,81843,39171,33894,"1987.3246","1","0","0","11","02","10"
"1103","2021A00031103","Prince","CTY",46234,22776,19660,43730,43910,21916,18355,"2006.2714","1","0","0","11","03","10"
"1201","2021A00031201","Shelburne","CTY",13704,7904,6473,13966,13966,7765,6378,"2462.5818","0","0","0","12","01","40"
"1202","2021A00031202","Yarmouth","CTY",24947,12529,11213,24419,24419,12342,10798,"2121.6393","0","0","0","12","02","40"
"1203","2021A00031203","Digby","CTY",17062,9681,8117,17323,17323,9927,8043,"2512.2797","0","0","0","12","03","40"
"1204","2021A00031204","Queens","CTY",10501,6705,5005,10351,10351,6608,4764,"2393.4428","0","0","0","12","04","40"
"1205","2021A00031205","Annapolis","CTY",21252,11612,9855,20591,20591,11391,9377,"3183.2312","0","0","0","12","05","30"
"1206","2021A00031206","Lunenburg","CTY",48599,27092,22443,47126,47126,26648,21439,"2906.4723","0","0","0","12","06","40"
"1207","2021A00031207","Kings","CTY",62914,30366,27538,60600,60600,29187,25951,"2120.3124","0","0","0","12","07","30"
"1208","2021A00031208","Hants","CTY",45140,20306,18862,42558,42558,19202,17439,"3049.1776","0","0","0","12","08","30"
"1209","2021A00031209","Halifax","CTY",440072,200619,190650,403390,403390,187478,173459,"5477.5348","0","0","0","12","09","50"
"1210","2021A00031210","Colchester","CTY",51476,25638,23056,50585,50585,25378,22229,"3627.4988","0","0","0","12","10","20"
"1211","2021A00031211","Cumberland","CTY",30538,18363,14139,30005,30005,18445,13614,"4275.7721","0","0","0","12","11","20"
"1212","2021A00031212","Pictou","CTY",43657,22410,19735,43748,43748,22525,19305,"2844.1033","0","0","0","12","12","20"
"1213","2021A00031213","Guysborough","CTY",7373,4897,3559,7625,7625,5190,3549,"4037.1611","0","0","0","12","13","20"
"1214","2021A00031214","Antigonish","CTY",20129,10145,8711,19301,19301,9842,8129,"1456.4153","0","0","0","12","14","20"
"1215","2021A00031215","Inverness","CTY",17346,9737,7693,17235,17235,9876,7351,"3817.6101","0","0","0","12","15","10"
"1216","2021A00031216","Richmond","CTY",8914,5230,4100,8964,8964,5123,3983,"1246.0753","0","0","0","12","16","10"
"1217","2021A00031217","Cape Breton","CTY",98318,48020,43799,98722,98722,47204,43081,"2457.2067","0","0","0","12","17","10"
"1218","2021A00031218","Victoria","CTY",7441,4753,3280,7089,7089,4437,3101,"2836.1939","0","0","0","12","18","10"
"1301","2021A00031301","Saint John","CT",76558,36964,34634,74020,74020,36825,32852,"1461.0542","0","0","0","13","01","30"
"1302","2021A00031302","Charlotte","CT",26015,13449,11560,25428,25428,13513,11132,"3418.2366","0","0","0","13","02","30"
"1303","2021A00031303","Sunbury","CT",27864,11903,11310,27644,27644,11853,10898,"2692.9674","0","0","0","13","03","40"
"1304","2021A00031304","Queens","CT",10998,6854,5133,10472,10472,7289,4877,"3681.0533","0","0","0","13","04","40"
"1305","2021A00031305","Kings","CT",71184,30283,28464,68941,68941,29570,27027,"3482.3488","0","0","0","13","05","30"
"1306","2021A00031306","Albert","CT",30749,13476,12913,29158,29158,13111,12219,"1806.2276","0","0","0","13","06","20"
"1307","2021A00031307","Westmorland","CT",163576,75506,70090,149623,149623,71839,64038,"3659.742","0","0","0","13","07","20"
"1308","2021A00031308","Kent","CT",32169,16274,14074,30475,30475,16251,13236,"4550.3804","0","0","0","13","08","20"
"1309","2021A00031309","Northumberland","CT",45005,21940,19945,44952,44952,21792,19362,"12843.3867","0","0","0","13","09","10"
"1310","2021A00031310","York","CT",105261,48294,45259,99411,99453,46870,42024,"8095.104","1","0","0","13","10","40"
"1311","2021A00031311","Carleton","CT",26360,11865,11120,26220,26178,11808,10750,"3309.0591","1","0","0","13","11","50"
"1312","2021A00031312","Victoria","CT",18312,9054,8249,18617,18617,9178,8159,"5492.8546","0","0","0","13","12","50"
"1313","2021A00031313","Madawaska","CT",32603,15851,14905,32741,32741,15774,14505,"3454.9673","0","0","0","13","13","50"
"1314","2021A00031314","Restigouche","CT",30700,15288,14165,30955,30955,15259,13993,"8566.819","0","0","0","13","14","10"
"1315","2021A00031315","Gloucester","CT",78256,39145,35830,78444,78444,38789,34701,"4734.2972","0","0","0","13","15","10"
"2401","2021A00032401","Communauté maritime des Îles-de-la-Madeleine","TÉ",12654,6665,5830,12475,12475,6477,5534,"187.3321","0","0","0","24","01","10"
"2402","2021A00032402","Le Rocher-Percé","MRC",17219,9110,8319,17282,17282,8969,8022,"3074.7998","0","0","0","24","02","10"
"2403","2021A00032403","La Côte-de-Gaspé","MRC",17547,8906,8034,17117,17117,8648,7637,"4088.3915","0","0","0","24","03","10"
"2404","2021A00032404","La Haute-Gaspésie","MRC",10950,6222,5415,11316,11316,6282,5270,"5053.8784","0","0","0","24","04","10"
"2405","2021A00032405","Bonaventure","MRC",17557,8831,8194,17660,17660,8744,7898,"4379.4623","0","0","0","24","05","10"
"2406","2021A00032406","Avignon","MRC",13415,6967,6281,14461,14461,7340,6570,"3487.3729","0","0","1","24","06","10"
"2407","2021A00032407","La Matapédia","MRC",17592,9274,8258,17925,17925,9142,8139,"5354.5318","0","0","0","24","07","15"
"2408","2021A00032408","La Matanie","MRC",20883,11728,10387,21301,21301,11948,10178,"3315.7355","0","0","0","24","08","15"
"2409","2021A00032409","La Mitis","MRC",18363,9842,8492,18210,18210,9692,8206,"2275.5604","0","0","0","24","09","15"
"2410","2021A00032410","Rimouski-Neigette","MRC",57191,29474,27203,56650,56650,28811,26113,"2703.9941","0","0","0","24","10","15"
"2411","2021A00032411","Les Basques","MRC",8873,5182,4244,8694,8694,5185,4065,"1120.0319","0","0","0","24","11","15"
"2412","2021A00032412","Rivière-du-Loup","MRC",35338,17740,16163,33958,33958,17019,15155,"1276.8643","0","0","0","24","12","15"
"2413","2021A00032413","Témiscouata","MRC",19492,10778,9146,19574,19574,10778,8827,"3900.4163","0","0","0","24","13","15"
"2414","2021A00032414","Kamouraska","MRC",21307,10674,9414,21073,21073,10645,9150,"2241.054","0","0","0","24","14","15"
"2415","2021A00032415","Charlevoix-Est","MRC",15409,8664,7138,15509,15509,8707,6980,"2288.9697","0","0","0","24","15","20"
"2416","2021A00032416","Charlevoix","MRC",13371,7516,6186,12997,12997,7330,5781,"3736.8012","0","0","0","24","16","20"
"2417","2021A00032417","L'Islet","MRC",17598,9475,8206,17798,17798,9924,8023,"2097.0905","0","0","0","24","17","25"
"2418","2021A00032418","Montmagny","MRC",22481,12256,10793,22698,22698,12079,10421,"1695.0914","0","0","0","24","18","25"
"2419","2021A00032419","Bellechasse","MRC",38000,18000,16229,37233,37233,17740,15625,"1749.9098","0","0","0","24","19","25"
"2420","2021A00032420","L'Île-d'Orléans","MRC",6817,3513,3033,7082,7082,3703,3040,"194.5824","0","0","0","24","20","20"
"2421","2021A00032421","La Côte-de-Beaupré","MRC",30240,15487,13027,28199,28199,14244,11851,"4845.1949","0","0","0","24","21","20"
"2422","2021A00032422","La Jacques-Cartier","MRC",47813,19877,18301,43485,43485,18401,16332,"3183.7546","0","0","0","24","22","20"
"2423","2021A00032423","Québec","TÉ",588777,300247,282187,569717,569717,282180,267144,"547.6002","0","0","0","24","23","20"
"2425","2021A00032425","Lévis","TÉ",149683,68205,65751,143414,143414,62585,60779,"448.0654","0","0","0","24","25","25"
"2426","2021A00032426","La Nouvelle-Beauce","MRC",37988,16102,15465,36785,36785,15502,14792,"905.3295","0","0","0","24","26","25"
"2427","2021A00032427","Robert-Cliche","MRC",19253,8827,8225,19125,19125,8697,8001,"839.5958","0","0","0","24","27","25"
"2428","2021A00032428","Les Etchemins","MRC",16927,8791,7639,16536,16536,8764,7322,"1809.61","0","0","0","24","28","25"
"2429","2021A00032429","Beauce-Sartigan","MRC",53384,25591,24136,52406,52406,24195,22861,"1952.7326","0","0","0","24","29","25"
"2430","2021A00032430","Le Granit","MRC",21948,12679,10254,21462,21462,12478,9559,"2731.547","0","0","0","24","30","30"
"2431","2021A00032431","Les Appalaches","MRC",43412,23036,20221,42346,42346,22714,19669,"1911.8255","0","0","0","24","31","25"
"2432","2021A00032432","L'Érable","MRC",23534,11839,10693,23425,23425,11315,10270,"1287.0317","0","0","0","24","32","33"
"2433","2021A00032433","Lotbinière","MRC",34586,15843,14741,31741,31741,14642,13352,"1662.2561","0","0","0","24","33","25"
"2434","2021A00032434","Portneuf","MRC",55523,27753,24809,53008,53008,26586,23137,"3887.8803","0","0","0","24","34","20"
"2435","2021A00032435","Mékinac","MRC",12762,8723,6502,12358,12358,8324,6013,"5186.2187","0","0","0","24","35","70"
"2436","2021A00032436","Shawinigan","TÉ",49620,27444,25060,49349,49349,26953,24410,"729.9827","0","0","0","24","36","70"
"2437","2021A00032437","Francheville","CDR",158343,79701,75423,153030,153030,76859,71357,"1160.6678","0","0","0","24","37","70"
"2438","2021A00032438","Bécancour","MRC",20748,10148,9391,20404,20404,9947,9041,"1143.1269","0","0","0","24","38","33"
"2439","2021A00032439","Arthabaska","MRC",74348,35556,33166,72014,72014,33483,31447,"1887.088","0","0","0","24","39","33"
"2440","2021A00032440","Les Sources","MRC",14623,7363,6809,14286,14286,7226,6478,"785.4182","0","0","0","24","40","30"
"2441","2021A00032441","Le Haut-Saint-François","MRC",22926,11237,9880,22335,22335,11203,9581,"2269.6818","0","0","0","24","41","30"
"2442","2021A00032442","Le Val-Saint-François","MRC",31551,14813,13635,30686,30686,14359,13015,"1401.5591","0","0","0","24","42","30"
"2443","2021A00032443","Sherbrooke","TÉ",172950,86019,80476,161323,161323,80341,73506,"353.3966","0","0","0","24","43","30"
"2444","2021A00032444","Coaticook","MRC",18906,8913,8070,18497,18497,8747,7817,"1338.8627","0","0","0","24","44","30"
"2445","2021A00032445","Memphrémagog","MRC",54797,31920,25600,50415,50415,30430,22919,"1317.4186","0","0","0","24","45","30"
"2446","2021A00032446","Brome-Missisquoi","MRC",64786,34331,29414,58314,58314,31470,25865,"1650.1952","0","0","0","24","46","35"
"2447","2021A00032447","La Haute-Yamaska","MRC",92796,43030,41563,88306,88306,40364,38826,"636.0029","0","0","0","24","47","35"
"2448","2021A00032448","Acton","MRC",15654,7185,6844,15594,15594,7101,6637,"579.6411","0","0","0","24","48","35"
"2449","2021A00032449","Drummond","MRC",107967,50285,48416,103397,103397,47581,45334,"1599.0957","0","0","0","24","49","33"
"2450","2021A00032450","Nicolet-Yamaska","MRC",23848,11371,10552,23159,23159,11045,10085,"1004.9793","0","0","0","24","50","33"
"2451","2021A00032451","Maskinongé","MRC",37292,19380,17241,36316,36316,19075,16452,"2367.0819","0","0","0","24","51","70"
"2452","2021A00032452","D'Autray","MRC",44080,21395,19555,42189,42189,20768,18223,"1234.6682","0","0","0","24","52","50"
"2453","2021A00032453","Pierre-De Saurel","MRC",51843,25885,24724,51025,51025,25425,23793,"595.1327","0","0","0","24","53","35"
"2454","2021A00032454","Les Maskoutains","MRC",89432,41625,39931,87099,87099,40244,38016,"1302.1548","0","0","0","24","54","35"
"2455","2021A00032455","Rouville","MRC",37889,16199,15755,36536,36536,15470,14939,"482.8048","0","0","0","24","55","35"
"2456","2021A00032456","Le Haut-Richelieu","MRC",121277,55208,52723,117443,117443,52461,50061,"934.8475","0","0","0","24","56","35"
"2457","2021A00032457","La Vallée-du-Richelieu","MRC",131803,53796,52785,124420,124420,49971,48748,"587.8402","0","0","0","24","57","35"
"2458","2021A00032458","Longueuil","TÉ",436785,193701,187260,415347,415347,183008,175735,"282.391","0","0","0","24","58","35"
"2459","2021A00032459","Marguerite-D'Youville","MRC",80313,32414,31848,77550,77550,30532,29942,"347.0968","0","0","0","24","59","35"
"2460","2021A00032460","L'Assomption","MRC",128087,52508,51578,124759,124759,50828,49768,"255.1595","0","0","0","24","60","50"
"2461","2021A00032461","Joliette","MRC",71124,33812,32312,66550,66550,30969,29703,"417.4056","0","0","0","24","61","50"
"2462","2021A00032462","Matawinie","MRC",55500,37357,26510,50435,50435,35858,23139,"9423.1539","0","0","0","24","62","50"
"2463","2021A00032463","Montcalm","MRC",58680,25557,23989,52596,52596,23295,21608,"709.5777","0","0","0","24","63","50"
"2464","2021A00032464","Les Moulins","MRC",171127,66346,65228,158267,158267,60944,59701,"260.6513","0","0","0","24","64","50"
"2465","2021A00032465","Laval","TÉ",438366,176115,169785,422993,422993,165686,160328,"246.1349","0","0","0","24","65","45"
"2466","2021A00032466","Montréal","TÉ",2004265,976966,910359,1942044,1942044,939112,870373,"498.292","0","0","0","24","66","40"
"2467","2021A00032467","Roussillon","MRC",185568,74232,72650,171443,171443,67868,66264,"420.4418","0","1","1","24","67","35"
"2468","2021A00032468","Les Jardins-de-Napierville","MRC",30339,12446,11859,27870,27870,11789,11205,"802.5226","0","0","0","24","68","35"
"2469","2021A00032469","Le Haut-Saint-Laurent","MRC",22213,11446,9895,22454,22454,12016,9666,"1168.0801","0","0","1","24","69","35"
"2470","2021A00032470","Beauharnois-Salaberry","MRC",68322,32524,31245,64320,64320,30151,28865,"468.4811","0","0","0","24","70","35"
"2471","2021A00032471","Vaudreuil-Soulanges","MRC",162600,65486,63502,149349,149349,59474,57515,"854.1878","0","0","0","24","71","35"
"2472","2021A00032472","Deux-Montagnes","MRC",102052,42552,41454,98203,98203,40728,39748,"242.875","0","1","1","24","72","55"
"2473","2021A00032473","Thérèse-De Blainville","MRC",163632,66982,65317,157103,157103,62218,60762,"206.5189","0","0","0","24","73","55"
"2474","2021A00032474","Mirabel","TÉ",61108,25514,24795,50513,50513,20395,19631,"484.0947","0","0","0","24","74","55"
"2475","2021A00032475","La Rivière-du-Nord","MRC",140394,64392,61429,128170,128170,58580,55009,"447.8784","0","0","0","24","75","55"
"2476","2021A00032476","Argenteuil","MRC",34752,19600,16223,32389,32389,19081,14789,"1234.6887","0","0","0","24","76","55"
"2477","2021A00032477","Les Pays-d'en-Haut","MRC",46906,31300,23530,41877,41877,29723,20698,"673.9827","0","0","0","24","77","55"
"2478","2021A00032478","Les Laurentides","MRC",50777,37057,24959,45902,45902,36150,21972,"2457.5275","0","1","1","24","78","55"
"2479","2021A00032479","Antoine-Labelle","MRC",36462,23909,17839,35243,35243,23399,16474,"14809.8521","0","0","0","24","79","55"
"2480","2021A00032480","Papineau","MRC",24308,16059,11504,22832,22832,15893,10401,"2903.4469","0","0","0","24","80","60"
"2481","2021A00032481","Gatineau","TÉ",291041,133225,126476,276245,276245,125608,118385,"341.8414","0","0","0","24","81","60"
"2482","2021A00032482","Les Collines-de-l'Outaouais","MRC",54498,25105,21103,49094,49094,23164,18756,"2025.3754","0","0","0","24","82","60"
"2483","2021A00032483","La Vallée-de-la-Gatineau","MRC",20547,14977,9983,20182,20182,15363,9392,"12362.4898","0","1","1","24","83","60"
"2484","2021A00032484","Pontiac","MRC",14764,10143,6665,14251,14251,10208,6203,"12824.3648","0","0","0","24","84","60"
"2485","2021A00032485","Témiscamingue","MRC",16132,8821,7317,15980,15980,8992,7129,"16327.2561","0","0","0","24","85","65"
"2486","2021A00032486","Rouyn-Noranda","TÉ",42313,20874,19282,42334,42334,20568,18851,"5963.5671","0","0","0","24","86","65"
"2487","2021A00032487","Abitibi-Ouest","MRC",20526,10082,9233,20538,20538,10053,9026,"3312.45","0","0","0","24","87","65"
"2488","2021A00032488","Abitibi","MRC",24764,11784,10941,24639,24639,11374,10529,"7627.6313","0","0","0","24","88","65"
"2489","2021A00032489","La Vallée-de-l'Or","MRC",43347,20944,19648,43226,43226,20224,19040,"24094.8403","0","0","0","24","89","65"
"2490","2021A00032490","La Tuque","TÉ",15038,8394,6643,15059,15059,8360,6377,"26031.8442","0","0","0","24","90","70"
"2491","2021A00032491","Le Domaine-du-Roy","MRC",31095,16921,14281,31285,31285,16549,13729,"17476.4467","0","0","0","24","91","75"
"2492","2021A00032492","Maria-Chapdelaine","MRC",24149,12185,10967,24793,24793,11916,10805,"35501.4881","0","0","0","24","92","75"
"2493","2021A00032493","Lac-Saint-Jean-Est","MRC",52475,25764,23497,52741,52741,25450,22909,"2767.5138","0","0","0","24","93","75"
"2494","2021A00032494","Le Saguenay-et-son-Fjord","CDR",167833,83461,77659,167549,167549,81769,75351,"39797.2467","0","0","0","24","94","75"
"2495","2021A00032495","La Haute-Côte-Nord","MRC",10278,5693,5023,10846,10846,5708,4982,"11295.8159","0","0","0","24","95","80"
"2496","2021A00032496","Manicouagan","MRC",30158,15035,13781,31027,31027,14844,13738,"34655.044","0","0","0","24","96","80"
"2497","2021A00032497","Sept-Rivières--Caniapiscau","CDR",38240,19507,16808,39322,39322,19307,16764,"94464.3471","0","0","0","24","97","80"
"2498","2021A00032498","Minganie--Le Golfe-du-Saint-Laurent","CDR",9849,5028,4186,11323,11323,5297,4462,"94027.0662","0","0","1","24","98","80"
"2499","2021A00032499","Nord-du-Québec","CDR",45740,17325,14543,44561,44561,16179,13673,"707306.5187","0","0","0","24","99","90"
"3501","2021A00033501","Stormont, Dundas and Glengarry","UC",114637,50802,48692,113429,113448,50466,47839,"3308.8535","1","0","1","35","01","10"
"3502","2021A00033502","Prescott and Russell","UC",95639,39616,38338,89333,89333,36783,35389,"2004.2668","0","0","0","35","02","10"
"3506","2021A00033506","Ottawa","CDR",1017449,427113,407252,934243,934243,395985,373756,"2788.1967","0","0","0","35","06","10"
"3507","2021A00033507","Leeds and Grenville","UC",104070,49557,44618,100546,100527,48215,42739,"3355.6075","1","0","0","35","07","10"
"3509","2021A00033509","Lanark","CTY",75760,35441,31909,68698,68698,32695,28580,"2986.7079","0","0","0","35","09","10"
"3510","2021A00033510","Frontenac","CTY",161780,80226,69984,150475,150480,77157,64297,"3725.8224","1","0","0","35","10","15"
"3511","2021A00033511","Lennox and Addington","CTY",45182,20094,17891,42888,42883,19682,17051,"2792.7204","1","0","0","35","11","15"
"3512","2021A00033512","Hastings","CTY",145746,68518,61141,136445,136445,65136,57017,"6013.3517","0","0","0","35","12","15"
"3513","2021A00033513","Prince Edward","CDR",25704,13557,11332,24735,24735,12899,10728,"1052.6069","0","0","0","35","13","15"
"3514","2021A00033514","Northumberland","CTY",89365,40638,37328,85598,85598,39032,35686,"1907.3955","0","0","0","35","14","20"
"3515","2021A00033515","Peterborough","CTY",147681,73045,61741,138236,138236,70551,57743,"3779.473","0","0","0","35","15","20"
"3516","2021A00033516","Kawartha Lakes","CDR",79247,38947,32708,75423,75423,38444,31106,"3033.6565","0","0","0","35","16","20"
"3518","2021A00033518","Durham","RM",696992,250559,243048,645862,645862,233936,227906,"2521.1075","0","0","0","35","18","30"
"3519","2021A00033519","York","RM",1173334,405863,391034,1109909,1109909,369928,357084,"1758.2704","0","0","0","35","19","30"
"3520","2021A00033520","Toronto","CDR",2794356,1253238,1160892,2731571,2731571,1179057,1112929,"631.0983","0","0","0","35","20","30"
"3521","2021A00033521","Peel","RM",1451022,467970,450746,1381739,1381739,443919,430181,"1247.4494","0","0","0","35","21","30"
"3522","2021A00033522","Dufferin","CTY",66257,24388,23310,61735,61735,22888,21917,"1486.7709","0","0","0","35","22","40"
"3523","2021A00033523","Wellington","CTY",241026,97287,91822,222726,222726,90846,85281,"2665.361","0","0","0","35","23","40"
"3524","2021A00033524","Halton","RM",596637,214322,208601,548435,548435,198164,192977,"965.7063","0","0","0","35","24","30"
"3525","2021A00033525","Hamilton","CDR",569353,233564,222807,536917,536917,222918,211596,"1118.3101","0","0","0","35","25","50"
"3526","2021A00033526","Niagara","RM",477941,207926,195914,447888,447888,196241,183828,"1852.816","0","0","0","35","26","50"
"3528","2021A00033528","Haldimand-Norfolk","CDR",116872,50853,46365,109787,109787,48249,43559,"2883.8041","0","1","1","35","28","50"
"3529","2021A00033529","Brant","CDR",144771,58250,56202,134808,134808,54626,52722,"1094.1008","0","1","1","35","29","50"
"3530","2021A00033530","Waterloo","RM",587165,233253,222426,535154,535154,214299,203832,"1370.066","0","0","0","35","30","40"
"3531","2021A00033531","Perth","CTY",81565,34062,32772,76796,76812,31752,30718,"2218.2434","1","0","0","35","31","80"
"3532","2021A00033532","Oxford","CTY",121781,49445,47876,110862,110846,45345,44261,"2038.1811","1","0","0","35","32","60"
"3534","2021A00033534","Elgin","CTY",94752,38889,37278,88978,88978,36613,34995,"1878.5651","0","0","0","35","34","60"
"3536","2021A00033536","Chatham-Kent","CDR",104316,46921,44178,102042,102042,46287,43174,"2464.5252","0","0","0","35","36","70"
"3537","2021A00033537","Essex","CTY",422860,174446,165787,398953,398953,168569,159053,"1844.2076","0","0","0","35","37","70"
"3538","2021A00033538","Lambton","CTY",128154,60322,55205,126638,126638,59777,54481,"2999.9277","0","0","1","35","38","70"
"3539","2021A00033539","Middlesex","CTY",500563,216736,204157,455526,455526,203349,190045,"3317.7623","0","1","1","35","39","60"
"3540","2021A00033540","Huron","CTY",61366,29455,25334,59297,59297,28369,24194,"3398.2798","0","0","0","35","40","80"
"3541","2021A00033541","Bruce","CTY",73396,42592,31112,68147,68147,41183,28866,"4076.2211","0","0","0","35","41","80"
"3542","2021A00033542","Grey","CTY",100905,50183,42309,93830,93830,47560,39563,"4497.9271","0","0","0","35","42","80"
"3543","2021A00033543","Simcoe","CTY",533169,225087,202824,479650,479635,206536,183530,"4818.9317","1","0","0","35","43","40"
"3544","2021A00033544","Muskoka","DM",66674,47560,28571,60599,60614,46220,25437,"3839.4716","1","1","1","35","44","20"
"3546","2021A00033546","Haliburton","CTY",20571,21072,9714,18062,18062,21113,8443,"4009.4692","0","0","0","35","46","20"
"3547","2021A00033547","Renfrew","CTY",106365,51134,44952,102394,102394,49860,42779,"7357.9375","0","0","0","35","47","15"
"3548","2021A00033548","Nipissing","DIS",84716,41974,37252,83150,83150,41200,36050,"16986.1979","0","0","0","35","48","90"
"3549","2021A00033549","Parry Sound","DIS",46909,35640,20848,42824,42824,35226,18679,"9113.9209","0","0","0","35","49","90"
"3551","2021A00033551","Manitoulin","DIS",13935,9302,6144,13255,13255,9537,5748,"3073.5384","0","0","0","35","51","90"
"3552","2021A00033552","Sudbury","DIS",22368,13453,9915,21546,21546,12557,9375,"39896.7886","0","0","0","35","52","90"
"3553","2021A00033553","Greater Sudbury / Grand Sudbury","CDR",166128,76036,71525,161647,161647,75103,69200,"3196.8515","0","0","0","35","53","90"
"3554","2021A00033554","Timiskaming","DIS",31424,16290,14132,32251,32251,16862,14395,"13247.4013","0","0","0","35","54","90"
"3556","2021A00033556","Cochrane","DIS",77963,37667,33772,79682,79682,37974,34012,"139784.0277","0","0","0","35","56","90"
"3557","2021A00033557","Algoma","DIS",113777,59854,51709,114094,114094,60324,51071,"48281.364","0","1","1","35","57","90"
"3558","2021A00033558","Thunder Bay","DIS",146862,72510,64601,146048,146048,72551,62999,"102895.4821","0","0","0","35","58","95"
"3559","2021A00033559","Rainy River","DIS",19437,10679,8315,20110,20110,11217,8432,"15400.9494","0","0","0","35","59","95"
"3560","2021A00033560","Kenora","DIS",66000,32914,24818,65533,65533,31191,23931,"395432.0708","0","1","1","35","60","95"
"4601","2021A00034601","Division No.  1","CDR",20114,17862,8761,18534,18534,17236,8080,"14801.9514","0","0","0","46","01","10"
"4602","2021A00034602","Division No.  2","CDR",83878,29918,28643,75571,75571,26604,25466,"4420.9342","0","0","0","46","02","10"
"4603","2021A00034603","Division No.  3","CDR",57363,20814,19933,54796,54796,19419,18719,"5285.6468","0","0","0","46","03","20"
"4604","2021A00034604","Division No.  4","CDR",9665,4089,3580,9986,9986,4206,3702,"4489.2241","0","0","1","46","04","20"
"4605","2021A00034605","Division No.  5","CDR",13326,7027,5553,13176,13176,6945,5442,"8282.3784","0","0","0","46","05","30"
"4606","2021A00034606","Division No.  6","CDR",9906,4563,3965,10317,10317,4703,4102,"4024.1483","0","0","0","46","06","30"
"4607","2021A00034607","Division No.  7","CDR",70896,30404,28490,68746,68746,29333,27632,"6333.2089","0","0","0","46","07","30"
"4608","2021A00034608","Division No.  8","CDR",13877,4827,4453,13968,13968,5008,4638,"5843.8732","0","0","0","46","08","40"
"4609","2021A00034609","Division No.  9","CDR",24339,10119,9260,24391,24391,9807,9169,"3009.1729","0","0","0","46","09","40"
"4610","2021A00034610","Division No. 10","CDR",12913,4179,4048,11941,11941,3786,3678,"1914.1924","0","0","0","46","10","40"
"4611","2021A00034611","Division No. 11","CDR",753938,316807,301738,708823,708823,295343,282116,"569.3081","0","0","0","46","11","50"
"4612","2021A00034612","Division No. 12","CDR",24863,9777,9331,23683,23683,9300,8875,"1851.2792","0","0","0","46","12","10"
"4613","2021A00034613","Division No. 13","CDR",51643,22257,19767,49086,49086,20847,18426,"1662.2781","0","0","0","46","13","60"
"4614","2021A00034614","Division No. 14","CDR",19749,7573,7142,18621,18621,6967,6652,"2833.4059","0","0","0","46","14","60"
"4615","2021A00034615","Division No. 15","CDR",23304,11472,9193,21379,21379,10696,8564,"8744.5064","0","0","0","46","15","30"
"4616","2021A00034616","Division No. 16","CDR",9945,5087,4216,9848,9848,4986,4121,"4706.8256","0","0","0","46","16","70"
"4617","2021A00034617","Division No. 17","CDR",21996,11521,9468,22205,22205,11646,9459,"13630.5421","0","0","0","46","17","70"
"4618","2021A00034618","Division No. 18","CDR",26636,16310,11025,24036,24155,15528,10038,"11362.4446","1","0","0","46","18","60"
"4619","2021A00034619","Division No. 19","CDR",15381,7625,4825,16518,16399,7984,4817,"60536.434","1","0","1","46","19","80"
"4620","2021A00034620","Division No. 20","CDR",9634,4894,4174,9621,9621,4919,4177,"9825.7855","0","0","0","46","20","70"
"4621","2021A00034621","Division No. 21","CDR",21871,9632,8089,21983,21983,9162,7863,"42801.189","0","0","0","46","21","80"
"4622","2021A00034622","Division No. 22","CDR",42226,12478,10871,42165,42165,12356,10891,"89802.8195","0","0","1","46","22","80"
"4623","2021A00034623","Division No. 23","CDR",4690,2293,1529,8971,8971,2967,2423,"233578.6401","0","0","1","46","23","80"
"4701","2021A00034701","Division No.  1","CDR",30351,15608,12565,31766,31766,15738,12890,"14654.346","0","0","0","47","01","10"
"4702","2021A00034702","Division No.  2","CDR",22497,10642,9362,22825,22825,10741,9389,"16535.8761","0","0","0","47","02","10"
"4703","2021A00034703","Division No.  3","CDR",12262,6186,5198,12610,12610,6173,5358,"18319.1216","0","0","0","47","03","20"
"4704","2021A00034704","Division No.  4","CDR",10872,5337,4204,10854,10854,5262,4181,"21149.4466","0","0","0","47","04","20"
"4705","2021A00034705","Division No.  5","CDR",31583,15723,13383,31750,31750,15738,13560,"14441.6535","0","0","0","47","05","40"
"4706","2021A00034706","Division No.  6","CDR",276564,122908,111468,262837,262837,116531,105686,"17363.0414","0","0","0","47","06","10"
"4707","2021A00034707","Division No.  7","CDR",47413,23339,20082,47195,47195,22895,19760,"18707.3723","0","0","0","47","07","20"
"4708","2021A00034708","Division No.  8","CDR",30840,14833,12739,30718,30718,14534,12759,"22356.9062","0","0","0","47","08","20"
"4709","2021A00034709","Division No.  9","CDR",36047,18216,15454,35634,35634,18041,15297,"14851.2608","0","0","0","47","09","40"
"4710","2021A00034710","Division No. 10","CDR",16483,8226,6956,16563,16563,8427,6980,"11922.3345","0","0","0","47","10","40"
"4711","2021A00034711","Division No. 11","CDR",326109,139667,129032,303423,303423,129632,119128,"16602.5803","0","0","0","47","11","30"
"4712","2021A00034712","Division No. 12","CDR",23208,10216,9119,23986,23986,10076,9226,"13788.2243","0","0","0","47","12","30"
"4713","2021A00034713","Division No. 13","CDR",22047,10295,8740,23224,23224,10510,9107,"17182.1239","0","0","0","47","13","30"
"4714","2021A00034714","Division No. 14","CDR",35428,18070,14968,36096,36096,18261,15225,"33676.061","0","0","0","47","14","50"
"4715","2021A00034715","Division No. 15","CDR",88988,39512,33385,85908,85908,38751,32232,"19399.0292","0","0","0","47","15","50"
"4716","2021A00034716","Division No. 16","CDR",37993,19000,14886,37999,37999,18762,14663,"21607.4191","0","0","0","47","16","50"
"4717","2021A00034717","Division No. 17","CDR",47834,23104,17565,47900,47900,22846,16947,"22222.6674","0","0","0","47","17","50"
"4718","2021A00034718","Division No. 18","CDR",35986,12843,10475,37064,37064,12664,10234,"262280.9401","0","0","1","47","18","60"
"4801","2021A00034801","Division No.  1","CDR",82513,36097,33807,82627,82627,35331,33230,"20277.5235","0","0","0","48","01","10"
"4802","2021A00034802","Division No.  2","CDR",178513,70936,66523,169729,169729,66991,62823,"17456.3337","0","0","0","48","02","10"
"4803","2021A00034803","Division No.  3","CDR",40768,16229,14163,38956,38956,15405,13378,"13725.0719","0","0","0","48","03","10"
"4804","2021A00034804","Division No.  4","CDR",9220,4293,3623,9573,9573,4174,3739,"21055.2056","0","0","0","48","04","20"
"4805","2021A00034805","Division No.  5","CDR",55784,22579,20451,55708,55708,22044,20020,"16651.2279","0","0","0","48","05","20"
"4806","2021A00034806","Division No.  6","CDR",1590639,638160,604628,1498778,1498778,586269,558912,"12614.175","0","0","1","48","06","30"
"4807","2021A00034807","Division No.  7","CDR",40684,18726,16112,41574,41574,18246,16009,"18909.6592","0","0","0","48","07","20"
"4808","2021A00034808","Division No.  8","CDR",213470,92439,83983,209395,209395,88994,80649,"9890.0547","0","0","0","48","08","50"
"4809","2021A00034809","Division No.  9","CDR",20569,9414,8138,20869,20869,9210,7933,"18834.925","0","0","1","48","09","40"
"4810","2021A00034810","Division No. 10","CDR",95455,42973,38161,97449,97449,42796,38242,"20134.1246","0","0","0","48","10","20"
"4811","2021A00034811","Division No. 11","CDR",1462041,609810,565756,1366050,1366050,557547,518951,"15746.4155","0","0","0","48","11","60"
"4812","2021A00034812","Division No. 12","CDR",67483,30557,25554,67120,67120,30281,24500,"31816.8578","0","1","1","48","12","80"
"4813","2021A00034813","Division No. 13","CDR",68076,34696,27482,71016,71016,34788,27840,"24308.7404","0","0","0","48","13","70"
"4814","2021A00034814","Division No. 14","CDR",28617,13032,11552,29291,29291,13153,11598,"26902.8307","0","0","0","48","14","40"
"4815","2021A00034815","Division No. 15","CDR",37735,19121,15085,38594,38594,17542,13900,"28270.1441","0","0","1","48","15","40"
"4816","2021A00034816","Division No. 16","CDR",74543,31233,26592,73988,73988,31535,26338,"94072.3135","0","0","1","48","16","80"
"4817","2021A00034817","Division No. 17","CDR",62132,24540,20539,61590,61590,23895,19747,"190433.8288","0","0","0","48","17","70"
"4818","2021A00034818","Division No. 18","CDR",13226,6219,4999,14488,14488,6590,5320,"33104.453","0","0","0","48","18","70"
"4819","2021A00034819","Division No. 19","CDR",121167,51616,46072,120380,120380,49338,44549,"20454.382","0","0","0","48","19","70"
"5901","2021A00035901","East Kootenay","RD",65896,35931,28264,60439,60439,34197,25863,"27514.0981","0","0","0","59","01","40"
"5903","2021A00035903","Central Kootenay","RD",62509,31588,28006,59517,59517,30726,27016,"22078.0985","0","0","0","59","03","40"
"5905","2021A00035905","Kootenay Boundary","RD",33152,18998,15190,31447,31447,18321,14339,"8080.7585","0","0","0","59","05","40"
"5907","2021A00035907","Okanagan-Similkameen","RD",90178,46436,40981,83022,83022,42894,37673,"10406.6406","0","0","0","59","07","30"
"5909","2021A00035909","Fraser Valley","RD",324005,124988,118217,295934,295934,116080,108393,"13319.3437","0","0","1","59","09","20"
"5915","2021A00035915","Greater Vancouver","RD",2642825,1104532,1043319,2463431,2463431,1027613,960894,"2878.9304","0","0","1","59","15","20"
"5917","2021A00035917","Capital","RD",415451,198435,185206,383360,383360,183562,170157,"2338.2231","0","1","0","59","17","10"
"5919","2021A00035919","Cowichan Valley","RD",89013,40174,37290,83739,83739,37919,35272,"3472.4812","0","0","0","59","19","10"
"5921","2021A00035921","Nanaimo","RD",170367,80056,75273,155698,155698,73622,68904,"2035.9264","0","0","0","59","21","10"
"5923","2021A00035923","Alberni-Clayoquot","RD",33521,16704,14615,30981,30981,15490,13654,"6577.0848","0","0","1","59","23","10"
"5924","2021A00035924","Strathcona","RD",48150,23017,21227,44671,44671,21681,19610,"18243.6581","0","0","0","59","24","10"
"5926","2021A00035926","Comox Valley","RD",72445,34412,31939,66527,66527,32076,29573,"1697.0275","0","0","0","59","26","10"
"5927","2021A00035927","Powell River","RD",21496,11921,10057,20070,20070,11400,9412,"5067.8901","0","0","0","59","27","10"
"5929","2021A00035929","Sunshine Coast","RD",32170,17982,14935,29970,29970,17379,13995,"3767.431","0","0","0","59","29","20"
"5931","2021A00035931","Squamish-Lillooet","RD",50496,26330,20012,42665,42665,23965,16416,"16296.3429","0","0","0","59","31","20"
"5933","2021A00035933","Thompson-Nicola","RD",143680,65065,59885,132663,132663,62157,55504,"44347.2347","0","0","1","59","33","30"
"5935","2021A00035935","Central Okanagan","RD",222162,102097,94335,194882,194892,88379,81386,"2902.453","1","0","0","59","35","30"
"5937","2021A00035937","North Okanagan","RD",91610,42722,38821,84354,84344,39965,35872,"7497.2315","1","0","0","59","37","30"
"5939","2021A00035939","Columbia-Shuswap","RD",57021,31161,24595,51366,51366,29798,22454,"28885.8194","0","0","1","59","39","30"
"5941","2021A00035941","Cariboo","RD",62931,32395,27614,61988,61988,31680,26699,"80373.7945","0","0","1","59","41","50"
"5943","2021A00035943","Mount Waddington","RD",10839,5743,4876,11035,11035,5963,4850,"20186.4702","0","0","0","59","43","10"
"5945","2021A00035945","Central Coast","RD",3582,1671,1381,3319,3319,1531,1284,"24433.7329","0","0","0","59","45","10"
"5947","2021A00035947","Skeena-Queen Charlotte","RD",18181,9082,7661,18133,18133,8911,7413,"19710.3037","0","0","1","59","47","60"
"5949","2021A00035949","Kitimat-Stikine","RD",37790,17386,15306,37367,37367,16922,14822,"104307.2489","0","0","0","59","49","60"
"5951","2021A00035951","Bulkley-Nechako","RD",37737,17618,15399,37896,37896,17564,15101,"73203.2249","0","0","1","59","51","70"
"5953","2021A00035953","Fraser-Fort George","RD",96979,43377,40224,94506,94506,41666,38600,"50580.7194","0","0","0","59","53","50"
"5955","2021A00035955","Peace River","RD",61532,28683,24902,62942,62942,28746,24264,"117216.7437","0","0","0","59","55","80"
"5957","2021A00035957","Stikine","REG",683,667,386,740,740,617,367,"118408.7578","0","0","0","59","57","70"
"5959","2021A00035959","Northern Rockies","RD",4478,2523,1918,5393,5393,2593,2182,"84858.8848","0","0","0","59","59","80"
"6001","2021A00036001","Yukon","TER",40232,19610,17181,35874,35874,17987,15215,"472345.4354","0","0","0","60","01","10"
"6101","2021A00036101","Region 1","REG",6205,2774,2291,6372,6372,2741,2248,"357015.1298","0","0","0","61","01","10"
"6102","2021A00036102","Region 2","REG",2259,1064,818,2433,2433,1111,858,"218296.9413","0","0","0","61","02","10"
"6103","2021A00036103","Region 3","REG",2650,862,714,2751,2751,861,705,"24796.9499","0","0","0","61","03","10"
"6104","2021A00036104","Region 4","REG",2872,1474,1152,3160,3160,1495,1138,"193265.4719","0","0","0","61","04","10"
"6105","2021A00036105","Region 5","REG",6279,3055,2502,6980,6980,3199,2692,"152135.9223","0","0","0","61","05","10"
"6106","2021A00036106","Region 6","REG",20805,8374,7730,20090,20090,8259,7340,"182201.5022","0","0","0","61","06","10"
"6204","2021A00036204","Qikiqtaaluk","REG",19355,6573,5530,18988,18988,6556,5525,"970554.6112","0","0","0","62","04","10"
"6205","2021A00036205","Kivalliq","REG",11045,3193,2719,10413,10413,3007,2631,"434331.1614","0","0","0","62","05","10"
"6208","2021A00036208","Kitikmeot","REG",6458,1954,1677,6543,6543,1870,1663,"432108.004","0","0","0","62","08","10"
